Unidade Gestora,ds,Valor Empenhado,Valor Liquidado,Valor Pago
CAMARA MUNICIPAL DE LAJES,2021-01-01,1128992.13,79296.97,77996.97
CONTROLADORIA GERAL DO MUNICIPIO,2021-01-01,12335.06,11729.26,8535.07
FUNDO DE PREVIDENCIA SOCIAL DO MUNICIPIO DE LAJES,2021-01-01,3310608.6799999997,269667.02,223457.19
FUNDO MUNICIPAL DE ASSISTENCIA SOCIAL,2021-01-01,170260.03,57967.52,44096.96
FUNDO MUNICIPAL DE SAUDE,2021-01-01,1743032.54,206167.38,156622.97999999998
PROCURADORIA GERAL DO MUNICIPIO,2021-01-01,5002.0,5002.0,3557.12
SEC MUN DA JUVENTUDE ESPORTE E LAZER,2021-01-01,43712.97,7761.89,6463.21
SEC MUN DE AGRICULTURA E MEIO AMBIENTE,2021-01-01,221869.79,24547.199999999997,18184.77
"SEC MUN TURISMO, DES ECONOMICO RECURSOS MINERAIS",2021-01-01,1072.91,1072.91,712.25
SECRETARIA MUNICIPAL DE ADMINISTRACAO,2021-01-01,215332.63999999998,130691.12000000001,117448.40000000001
SECRETARIA MUNICIPAL DE COMUNICACAO,2021-01-01,939.4,939.4,712.25
SECRETARIA MUNICIPAL DE EDUCACAO E CULTURA,2021-01-01,706080.18,549623.43,415041.83999999997
SECRETARIA MUNICIPAL DE OBRAS E SERVICOS URBANOS,2021-01-01,449586.25,81145.12,58045.67
SECRETARIA MUNICIPAL DE PLANEJAMENTO E FINANCAS,2021-01-01,88278.33,81614.85,76682.74
SECRETARIA MUNICIPAL DO GABINETE DO PREFEITO,2021-01-01,73371.51,61994.5,48033.07
CAMARA MUNICIPAL DE LAJES,2021-02-01,1145533.38,168028.37,168028.37
CONTROLADORIA GERAL DO MUNICIPIO,2021-02-01,24385.21,24385.21,21664.48
FUNDO DE PREVIDENCIA SOCIAL DO MUNICIPIO DE LAJES,2021-02-01,3319662.68,546759.4400000001,453846.0
FUNDO MUNICIPAL DE ASSISTENCIA SOCIAL,2021-02-01,320990.65,190582.88,150807.63
FUNDO MUNICIPAL DE SAUDE,2021-02-01,3359348.16,1226923.99,1153450.88
PROCURADORIA GERAL DO MUNICIPIO,2021-02-01,9102.0,9102.0,8505.07
SEC MUN DA JUVENTUDE ESPORTE E LAZER,2021-02-01,54217.17,22892.870000000003,21131.57
SEC MUN DE AGRICULTURA E MEIO AMBIENTE,2021-02-01,315359.49,115193.12,107528.33
"SEC MUN TURISMO, DES ECONOMICO RECURSOS MINERAIS",2021-02-01,4130.07,4130.07,3965.0699999999997
SECRETARIA MUNICIPAL DE ADMINISTRACAO,2021-02-01,598899.04,339573.99,318246.18
SECRETARIA MUNICIPAL DE COMUNICACAO,2021-02-01,2039.4,2039.4,1956.9
SECRETARIA MUNICIPAL DE EDUCACAO E CULTURA,2021-02-01,1396263.32,1284595.65,1040260.47
SECRETARIA MUNICIPAL DE OBRAS E SERVICOS URBANOS,2021-02-01,687217.1,238361.26,199452.97
SECRETARIA MUNICIPAL DE PLANEJAMENTO E FINANCAS,2021-02-01,313059.59,210355.98,193004.26
SECRETARIA MUNICIPAL DO GABINETE DO PREFEITO,2021-02-01,165504.72,136548.72,130829.43
CAMARA MUNICIPAL DE LAJES,2021-03-01,1146275.88,277974.74,277974.74
CONTROLADORIA GERAL DO MUNICIPIO,2021-03-01,36545.89,36545.89,32869.78
FUNDO DE PREVIDENCIA SOCIAL DO MUNICIPIO DE LAJES,2021-03-01,3326867.2,828845.7,758750.4800000001
FUNDO MUNICIPAL DE ASSISTENCIA SOCIAL,2021-03-01,414235.94,329056.22,286407.11
FUNDO MUNICIPAL DE SAUDE,2021-03-01,3920647.68,2222297.45,2127890.5
PROCURADORIA GERAL DO MUNICIPIO,2021-03-01,13202.0,13202.0,12118.09
SEC MUN DA JUVENTUDE ESPORTE E LAZER,2021-03-01,62407.770000000004,49587.01,47389.86
SEC MUN DE AGRICULTURA E MEIO AMBIENTE,2021-03-01,486745.77999999997,225251.55,208628.27
SEC MUN DO TRABALHO HABITACAO E ASSISTENCIASOCIAL,2021-03-01,63000.0,0.0,0.0
"SEC MUN TURISMO, DES ECONOMICO RECURSOS MINERAIS",2021-03-01,6381.34,6381.34,6051.34
SECRETARIA MUNICIPAL DE ADMINISTRACAO,2021-03-01,827337.16,565697.46,542134.84
SECRETARIA MUNICIPAL DE COMUNICACAO,2021-03-01,2039.4,2039.4,1956.9
SECRETARIA MUNICIPAL DE EDUCACAO E CULTURA,2021-03-01,2107346.94,1895748.92,1625872.23
SECRETARIA MUNICIPAL DE OBRAS E SERVICOS URBANOS,2021-03-01,964030.16,466072.76,407568.55
SECRETARIA MUNICIPAL DE PLANEJAMENTO E FINANCAS,2021-03-01,431398.86,330280.99,322410.96
SECRETARIA MUNICIPAL DO GABINETE DO PREFEITO,2021-03-01,229357.13999999998,223357.13999999998,208265.32
CAMARA MUNICIPAL DE LAJES,2021-04-01,1165298.38,380660.43,380660.43
CONTROLADORIA GERAL DO MUNICIPIO,2021-04-01,58462.36,52754.439999999995,45631.07
FUNDO DE PREVIDENCIA SOCIAL DO MUNICIPIO DE LAJES,2021-04-01,3341657.1999999997,1114396.3199999998,1054517.8900000001
FUNDO MUNICIPAL DE ASSISTENCIA SOCIAL,2021-04-01,595400.48,453857.13,418503.55
FUNDO MUNICIPAL DE SAUDE,2021-04-01,5086433.59,3319141.58,3193377.07
PROCURADORIA GERAL DO MUNICIPIO,2021-04-01,23333.71,22052.94,19788.0
SEC MUN DA JUVENTUDE ESPORTE E LAZER,2021-04-01,146397.9,61976.98,59299.95
SEC MUN DE AGRICULTURA E MEIO AMBIENTE,2021-04-01,821981.14,406634.56,381909.49
SEC MUN DO TRABALHO HABITACAO E ASSISTENCIASOCIAL,2021-04-01,63000.0,63000.0,63000.0
"SEC MUN TURISMO, DES ECONOMICO RECURSOS MINERAIS",2021-04-01,8837.49,9270.22,8672.49
SECRETARIA MUNICIPAL DE ADMINISTRACAO,2021-04-01,1197821.57,919916.49,883377.14
SECRETARIA MUNICIPAL DE COMUNICACAO,2021-04-01,22048.0,3623.4,4923.56
SECRETARIA MUNICIPAL DE EDUCACAO E CULTURA,2021-04-01,2871451.79,2620168.9,2306096.25
SECRETARIA MUNICIPAL DE OBRAS E SERVICOS URBANOS,2021-04-01,1431360.49,830656.56,736335.6
SECRETARIA MUNICIPAL DE PLANEJAMENTO E FINANCAS,2021-04-01,564432.16,464907.72,453396.45
SECRETARIA MUNICIPAL DO GABINETE DO PREFEITO,2021-04-01,330468.12,326402.77,286664.56
CAMARA MUNICIPAL DE LAJES,2021-05-01,1175304.5999999999,488885.49,482021.76999999996
CONTROLADORIA GERAL DO MUNICIPIO,2021-05-01,139322.02,64043.009999999995,57218.25
FUNDO DE PREVIDENCIA SOCIAL DO MUNICIPIO DE LAJES,2021-05-01,3352457.1999999997,1397044.73,1332666.2999999998
FUNDO MUNICIPAL DE ASSISTENCIA SOCIAL,2021-05-01,1172551.13,568904.2,541891.85
FUNDO MUNICIPAL DE SAUDE,2021-05-01,7832762.6,4723673.39,4598434.43
PROCURADORIA GERAL DO MUNICIPIO,2021-05-01,76650.48,27252.94,24283.82
SEC MUN DA JUVENTUDE ESPORTE E LAZER,2021-05-01,222611.01,99394.48000000001,94739.16
SEC MUN DE AGRICULTURA E MEIO AMBIENTE,2021-05-01,1231915.84,704316.23,592632.58
SEC MUN DO TRABALHO HABITACAO E ASSISTENCIASOCIAL,2021-05-01,63000.0,63000.0,63000.0
"SEC MUN TURISMO, DES ECONOMICO RECURSOS MINERAIS",2021-05-01,33859.11,11521.49,11191.49
SECRETARIA MUNICIPAL DE ADMINISTRACAO,2021-05-01,1816437.57,1121787.25,1097867.82
SECRETARIA MUNICIPAL DE COMUNICACAO,2021-05-01,65605.82,5456.73,9767.3
SECRETARIA MUNICIPAL DE EDUCACAO E CULTURA,2021-05-01,7486609.49,3166380.06,2944875.6
SECRETARIA MUNICIPAL DE OBRAS E SERVICOS URBANOS,2021-05-01,2317452.12,1100059.92,1054840.03
SECRETARIA MUNICIPAL DE PLANEJAMENTO E FINANCAS,2021-05-01,898560.36,578356.44,570440.43
SECRETARIA MUNICIPAL DO GABINETE DO PREFEITO,2021-05-01,817283.97,411869.36,349506.05
CAMARA MUNICIPAL DE LAJES,2021-06-01,1175921.5999999999,590544.26,590544.26
CONTROLADORIA GERAL DO MUNICIPIO,2021-06-01,139322.02,79883.54,71547.81999999999
FUNDO DE PREVIDENCIA SOCIAL DO MUNICIPIO DE LAJES,2021-06-01,3353267.1999999997,1787655.63,1722462.94
FUNDO MUNICIPAL DE ASSISTENCIA SOCIAL,2021-06-01,1191342.14,737643.26,685862.5
FUNDO MUNICIPAL DE SAUDE,2021-06-01,8978269.37,5997385.31,5799162.57
PROCURADORIA GERAL DO MUNICIPIO,2021-06-01,76650.48,33733.71,30614.8
SEC MUN DA JUVENTUDE ESPORTE E LAZER,2021-06-01,223363.01,132139.22,116020.57
SEC MUN DE AGRICULTURA E MEIO AMBIENTE,2021-06-01,1265012.12,827086.09,772583.15
SEC MUN DO TRABALHO HABITACAO E ASSISTENCIASOCIAL,2021-06-01,63000.0,63000.0,63000.0
"SEC MUN TURISMO, DES ECONOMICO RECURSOS MINERAIS",2021-06-01,33859.11,14205.49,13875.49
SECRETARIA MUNICIPAL DE ADMINISTRACAO,2021-06-01,1965924.23,1329333.27,1293676.75
SECRETARIA MUNICIPAL DE COMUNICACAO,2021-06-01,65605.82,13632.05,17860.12
SECRETARIA MUNICIPAL DE EDUCACAO E CULTURA,2021-06-01,7597356.68,4092947.38,3722739.06
SECRETARIA MUNICIPAL DE OBRAS E SERVICOS URBANOS,2021-06-01,2549532.11,1478358.2,1401349.5
SECRETARIA MUNICIPAL DE PLANEJAMENTO E FINANCAS,2021-06-01,1001067.0700000001,686873.16,682366.53
SECRETARIA MUNICIPAL DO GABINETE DO PREFEITO,2021-06-01,817433.97,502228.47,431972.57999999996
CAMARA MUNICIPAL DE LAJES,2021-07-01,1203217.65,700353.12,700353.12
CONTROLADORIA GERAL DO MUNICIPIO,2021-07-01,139322.02,99330.29999999999,90960.54000000001
FUNDO DE PREVIDENCIA SOCIAL DO MUNICIPIO DE LAJES,2021-07-01,3353267.1999999997,2070221.21,2010342.78
FUNDO MUNICIPAL DE ASSISTENCIA SOCIAL,2021-07-01,1264748.3299999998,879597.25,829569.62
FUNDO MUNICIPAL DE SAUDE,2021-07-01,9097039.11,7092427.82,6884574.9799999995
PROCURADORIA GERAL DO MUNICIPIO,2021-07-01,76650.48,41377.71,38062.39
SEC MUN DA JUVENTUDE ESPORTE E LAZER,2021-07-01,240227.97,159212.06,148034.84
SEC MUN DE AGRICULTURA E MEIO AMBIENTE,2021-07-01,1457887.6400000001,972497.12,927656.65
SEC MUN DO TRABALHO HABITACAO E ASSISTENCIASOCIAL,2021-07-01,63000.0,63000.0,63000.0
"SEC MUN TURISMO, DES ECONOMICO RECURSOS MINERAIS",2021-07-01,33859.11,17989.49,17659.49
SECRETARIA MUNICIPAL DE ADMINISTRACAO,2021-07-01,2205013.35,1591609.38,1580083.43
SECRETARIA MUNICIPAL DE COMUNICACAO,2021-07-01,65605.82,18560.37,22760.93
SECRETARIA MUNICIPAL DE EDUCACAO E CULTURA,2021-07-01,7611906.430000001,5059673.67,4686289.05
SECRETARIA MUNICIPAL DE OBRAS E SERVICOS URBANOS,2021-07-01,2662674.26,1861610.07,1755743.99
SECRETARIA MUNICIPAL DE PLANEJAMENTO E FINANCAS,2021-07-01,1183045.48,841880.44,848145.57
SECRETARIA MUNICIPAL DO GABINETE DO PREFEITO,2021-07-01,832495.41,576095.04,521457.89
CAMARA MUNICIPAL DE LAJES,2021-08-01,1229711.06,813772.17,813772.17
CONTROLADORIA GERAL DO MUNICIPIO,2021-08-01,139322.02,113209.68,104180.86
FUNDO DE PREVIDENCIA SOCIAL DO MUNICIPIO DE LAJES,2021-08-01,3436529.1999999997,2360705.23,2328826.8
FUNDO MUNICIPAL DE ASSISTENCIA SOCIAL,2021-08-01,1284363.18,994908.11,931653.67
FUNDO MUNICIPAL DE SAUDE,2021-08-01,10035123.77,8287249.36,7950883.54
PROCURADORIA GERAL DO MUNICIPIO,2021-08-01,76650.48,47721.71,44209.98
SEC MUN DA JUVENTUDE ESPORTE E LAZER,2021-08-01,240908.17,184795.19,169218.23
SEC MUN DE AGRICULTURA E MEIO AMBIENTE,2021-08-01,1473057.44,1093653.0,1028014.5
SEC MUN DO TRABALHO HABITACAO E ASSISTENCIASOCIAL,2021-08-01,63000.0,63000.0,63000.0
"SEC MUN TURISMO, DES ECONOMICO RECURSOS MINERAIS",2021-08-01,33859.11,20673.489999999998,20343.33
SECRETARIA MUNICIPAL DE ADMINISTRACAO,2021-08-01,2236782.5100000002,1770092.73,1764814.23
SECRETARIA MUNICIPAL DE COMUNICACAO,2021-08-01,65605.82,25111.03,27444.93
SECRETARIA MUNICIPAL DE EDUCACAO E CULTURA,2021-08-01,7812303.31,5715838.52,5327768.05
SECRETARIA MUNICIPAL DE OBRAS E SERVICOS URBANOS,2021-08-01,2710245.82,2202282.04,2051116.9
SECRETARIA MUNICIPAL DE PLANEJAMENTO E FINANCAS,2021-08-01,1254107.44,995749.81,963596.79
SECRETARIA MUNICIPAL DO GABINETE DO PREFEITO,2021-08-01,853576.46,664854.9,603196.27
CAMARA MUNICIPAL DE LAJES,2021-09-01,1241642.31,915221.77,915221.77
CONTROLADORIA GERAL DO MUNICIPIO,2021-09-01,144522.02,131330.36000000002,118885.95999999999
FUNDO DE PREVIDENCIA SOCIAL DO MUNICIPIO DE LAJES,2021-09-01,3436529.1999999997,2640420.96,2602000.5300000003
FUNDO MUNICIPAL DE ASSISTENCIA SOCIAL,2021-09-01,1342845.71,1104366.56,1036274.46
FUNDO MUNICIPAL DE SAUDE,2021-09-01,11174278.51,9446796.72,9195489.61
PROCURADORIA GERAL DO MUNICIPIO,2021-09-01,76650.48,56353.71,50357.57
SEC MUN DA JUVENTUDE ESPORTE E LAZER,2021-09-01,258140.62,200949.64,182673.45
SEC MUN DE AGRICULTURA E MEIO AMBIENTE,2021-09-01,1538337.85,1238069.71,1127460.77
SEC MUN DO TRABALHO HABITACAO E ASSISTENCIASOCIAL,2021-09-01,63000.0,63000.0,63000.0
"SEC MUN TURISMO, DES ECONOMICO RECURSOS MINERAIS",2021-09-01,37859.11,24222.95,23027.33
SECRETARIA MUNICIPAL DE ADMINISTRACAO,2021-09-01,2304757.95,1940755.8800000001,1916210.28
SECRETARIA MUNICIPAL DE COMUNICACAO,2021-09-01,65605.82,33882.229999999996,36811.92
SECRETARIA MUNICIPAL DE EDUCACAO E CULTURA,2021-09-01,8205016.28,6536281.81,6060538.49
SECRETARIA MUNICIPAL DE OBRAS E SERVICOS URBANOS,2021-09-01,2978265.22,2496144.03,2375117.98
SECRETARIA MUNICIPAL DE PLANEJAMENTO E FINANCAS,2021-09-01,1455323.59,1255384.5,1126247.3699999999
SECRETARIA MUNICIPAL DO GABINETE DO PREFEITO,2021-09-01,903080.89,789947.83,695165.5399999999
CAMARA MUNICIPAL DE LAJES,2021-10-01,1256643.56,1032017.77,1030950.9
CONTROLADORIA GERAL DO MUNICIPIO,2021-10-01,153321.19,145209.74,135149.02
FUNDO DE PREVIDENCIA SOCIAL DO MUNICIPIO DE LAJES,2021-10-01,3436529.1999999997,2932725.71,2883980.04
FUNDO MUNICIPAL DE ASSISTENCIA SOCIAL,2021-10-01,1422515.19,1253909.1,1190808.6099999999
FUNDO MUNICIPAL DE SAUDE,2021-10-01,12520902.33,11197942.33,10930696.61
PROCURADORIA GERAL DO MUNICIPIO,2021-10-01,78122.48,62697.71,58156.93
SEC MUN DA JUVENTUDE ESPORTE E LAZER,2021-10-01,286529.97000000003,229761.04,214133.39
SEC MUN DE AGRICULTURA E MEIO AMBIENTE,2021-10-01,1768362.85,1402852.3599999999,1289005.0
SEC MUN DO TRABALHO HABITACAO E ASSISTENCIASOCIAL,2021-10-01,63000.0,63000.0,63000.0
"SEC MUN TURISMO, DES ECONOMICO RECURSOS MINERAIS",2021-10-01,37859.11,30906.95,26309.06
SECRETARIA MUNICIPAL DE ADMINISTRACAO,2021-10-01,2450508.05,2137006.23,2102535.29
SECRETARIA MUNICIPAL DE COMUNICACAO,2021-10-01,65605.82,41774.89,43331.95
SECRETARIA MUNICIPAL DE EDUCACAO E CULTURA,2021-10-01,8554983.31,7339563.63,6892375.61
SECRETARIA MUNICIPAL DE OBRAS E SERVICOS URBANOS,2021-10-01,3266936.38,2796250.02,2696837.73
SECRETARIA MUNICIPAL DE PLANEJAMENTO E FINANCAS,2021-10-01,1542355.52,1262732.98,1252315.07
SECRETARIA MUNICIPAL DO GABINETE DO PREFEITO,2021-10-01,916794.22,870226.43,787733.82
CAMARA MUNICIPAL DE LAJES,2021-11-01,1334438.4,1218916.89,1217850.02
CONTROLADORIA GERAL DO MUNICIPIO,2021-11-01,171916.43,159089.12,148672.77
FUNDO DE PREVIDENCIA SOCIAL DO MUNICIPIO DE LAJES,2021-11-01,3438863.55,3225412.42,3180450.61
FUNDO MUNICIPAL DE ASSISTENCIA SOCIAL,2021-11-01,1561750.2,1409894.57,1359300.92
FUNDO MUNICIPAL DE SAUDE,2021-11-01,13712629.9,12550694.7,12377923.07
PROCURADORIA GERAL DO MUNICIPIO,2021-11-01,78122.48,69041.71,64500.93
SEC MUN DA JUVENTUDE ESPORTE E LAZER,2021-11-01,399387.62,274296.33,268168.88
SEC MUN DE AGRICULTURA E MEIO AMBIENTE,2021-11-01,2033430.66,1627273.24,1615050.72
SEC MUN DO TRABALHO HABITACAO E ASSISTENCIASOCIAL,2021-11-01,63000.0,63000.0,63000.0
"SEC MUN TURISMO, DES ECONOMICO RECURSOS MINERAIS",2021-11-01,37859.11,33590.95,32993.06
SECRETARIA MUNICIPAL DE ADMINISTRACAO,2021-11-01,2766257.92,2415174.77,2428958.27
SECRETARIA MUNICIPAL DE COMUNICACAO,2021-11-01,65605.82,49667.55,53224.61
SECRETARIA MUNICIPAL DE EDUCACAO E CULTURA,2021-11-01,9766584.790000001,8208817.63,7916714.19
SECRETARIA MUNICIPAL DE OBRAS E SERVICOS URBANOS,2021-11-01,3691087.0700000003,3163608.19,3134514.53
SECRETARIA MUNICIPAL DE PLANEJAMENTO E FINANCAS,2021-11-01,1617267.94,1496206.04,1495468.35
SECRETARIA MUNICIPAL DO GABINETE DO PREFEITO,2021-11-01,958053.5599999999,952678.53,870022.96
CAMARA MUNICIPAL DE LAJES,2021-12-01,1338715.97,1332595.97,1332595.97
CONTROLADORIA GERAL DO MUNICIPIO,2021-12-01,190596.85,181280.5,172115.67
FUNDO DE PREVIDENCIA SOCIAL DO MUNICIPIO DE LAJES,2021-12-01,3754485.96,3559486.3499999996,3587486.3499999996
FUNDO MUNICIPAL DE ASSISTENCIA SOCIAL,2021-12-01,1838060.8599999999,1711753.52,1659478.3
FUNDO MUNICIPAL DE SAUDE,2021-12-01,15413556.37,14195543.17,14194851.43
PROCURADORIA GERAL DO MUNICIPIO,2021-12-01,81268.48,78843.71,75380.58
SEC MUN DA JUVENTUDE ESPORTE E LAZER,2021-12-01,422297.69,393446.59,370198.72
SEC MUN DE AGRICULTURA E MEIO AMBIENTE,2021-12-01,2234130.27,1941714.29,1944762.47
SEC MUN DO TRABALHO HABITACAO E ASSISTENCIASOCIAL,2021-12-01,63000.0,63000.0,63000.0
"SEC MUN TURISMO, DES ECONOMICO RECURSOS MINERAIS",2021-12-01,37859.11,37426.22,37261.06
SECRETARIA MUNICIPAL DE ADMINISTRACAO,2021-12-01,3136907.0100000002,2866428.45,2901518.84
SECRETARIA MUNICIPAL DE COMUNICACAO,2021-12-01,67630.82,62808.259999999995,62024.06
SECRETARIA MUNICIPAL DE EDUCACAO E CULTURA,2021-12-01,12925269.3,11139161.93,10931105.33
SECRETARIA MUNICIPAL DE OBRAS E SERVICOS URBANOS,2021-12-01,4006619.09,3804758.27,3748725.7600000002
SECRETARIA MUNICIPAL DE PLANEJAMENTO E FINANCAS,2021-12-01,1707157.23,1661928.81,1654057.3699999999
SECRETARIA MUNICIPAL DO GABINETE DO PREFEITO,2021-12-01,1082110.74,1051543.32,998366.98
CAMARA MUNICIPAL DE LAJES,2022-01-01,1420108.31,104536.45999999999,104536.45999999999
CONTROLADORIA GERAL DO MUNICIPIO,2022-01-01,120840.81,15187.7,10046.38
FUNDO DE PREVIDENCIA SOCIAL DO MUNICIPIO DE LAJES,2022-01-01,3334177.2900000005,282830.04000000004,282192.18000000005
FUNDO MUNICIPAL DE ASSISTENCIA SOCIAL,2022-01-01,1185122.8699999999,94900.06,59898.57
FUNDO MUNICIPAL DE HABITACAO DE INTERESSE SOCIAL,2022-01-01,35263.74,0.0,0.0
FUNDO MUNICIPAL DE SAUDE,2022-01-01,4548590.71,458446.05,329987.22
PROCURADORIA GERAL DO MUNICIPIO,2022-01-01,100000.0,6682.64,4814.26
SEC MUN DA JUVENTUDE ESPORTE E LAZER,2022-01-01,408629.1,16639.17,12992.72
SEC MUN DE AGRICULTURA E MEIO AMBIENTE,2022-01-01,1202886.42,49357.57,34296.979999999996
"SEC MUN TURISMO, DES ECONOMICO RECURSOS MINERAIS",2022-01-01,43664.63,2957.2799999999997,2298.67
SECRETARIA MUNICIPAL DE ADMINISTRACAO,2022-01-01,1500475.08,91422.57,74547.51
SECRETARIA MUNICIPAL DE COMUNICACAO,2022-01-01,73180.15000000001,4435.92,3363.3
SECRETARIA MUNICIPAL DE EDUCACAO E CULTURA,2022-01-01,7927604.47,667304.1,317522.29000000004
SECRETARIA MUNICIPAL DE OBRAS E SERVICOS URBANOS,2022-01-01,2204985.27,157706.71,112035.93
SECRETARIA MUNICIPAL DE PLANEJAMENTO E FINANCAS,2022-01-01,812015.87,106173.75,96616.83
SECRETARIA MUNICIPAL DO GABINETE DO PREFEITO,2022-01-01,696027.76,76673.2,41188.37
CAMARA MUNICIPAL DE LAJES,2022-02-01,1431459.06,226416.30000000002,226061.14
CONTROLADORIA GERAL DO MUNICIPIO,2022-02-01,120840.81,26700.2,24158.23
FUNDO DE PREVIDENCIA SOCIAL DO MUNICIPIO DE LAJES,2022-02-01,3351077.2900000005,717750.97,708289.38
FUNDO MUNICIPAL DE ASSISTENCIA SOCIAL,2022-02-01,1231071.75,240362.33,224251.58000000002
FUNDO MUNICIPAL DE HABITACAO DE INTERESSE SOCIAL,2022-02-01,35263.74,35263.74,35263.74
FUNDO MUNICIPAL DE SAUDE,2022-02-01,5627871.97,1444748.53,1369974.37
PROCURADORIA GERAL DO MUNICIPIO,2022-02-01,100000.0,14595.64,13113.849999999999
SEC MUN DA JUVENTUDE ESPORTE E LAZER,2022-02-01,415638.57999999996,69419.29999999999,67612.5
SEC MUN DE AGRICULTURA E MEIO AMBIENTE,2022-02-01,1258488.6,277051.64,269660.74
"SEC MUN TURISMO, DES ECONOMICO RECURSOS MINERAIS",2022-02-01,43664.63,6346.75,6157.38
SECRETARIA MUNICIPAL DE ADMINISTRACAO,2022-02-01,1747803.92,363522.11,357406.91
SECRETARIA MUNICIPAL DE COMUNICACAO,2022-02-01,73180.15000000001,9594.619999999999,8954.9
SECRETARIA MUNICIPAL DE EDUCACAO E CULTURA,2022-02-01,8006856.99,1525751.28,1304770.49
SECRETARIA MUNICIPAL DE OBRAS E SERVICOS URBANOS,2022-02-01,2344084.92,639895.46,559348.89
SECRETARIA MUNICIPAL DE PLANEJAMENTO E FINANCAS,2022-02-01,967138.13,282375.76,277939.43
SECRETARIA MUNICIPAL DO GABINETE DO PREFEITO,2022-02-01,702577.76,148857.46,125809.14
CAMARA MUNICIPAL DE LAJES,2022-03-01,1441629.16,345568.82,345213.66000000003
CONTROLADORIA GERAL DO MUNICIPIO,2022-03-01,120840.81,40787.909999999996,38336.75
FUNDO DE PREVIDENCIA SOCIAL DO MUNICIPIO DE LAJES,2022-03-01,3351077.2900000005,1094510.83,1094388.43
FUNDO MUNICIPAL DE ASSISTENCIA SOCIAL,2022-03-01,1346054.18,434874.19,413424.27
FUNDO MUNICIPAL DE HABITACAO DE INTERESSE SOCIAL,2022-03-01,79280.65,35263.74,35263.74
FUNDO MUNICIPAL DE SAUDE,2022-03-01,6449579.45,3344224.37,3251351.59
PROCURADORIA GERAL DO MUNICIPIO,2022-03-01,100000.0,29615.16,27825.63
SEC MUN DA JUVENTUDE ESPORTE E LAZER,2022-03-01,422960.43999999994,120263.39,116353.26
SEC MUN DE AGRICULTURA E MEIO AMBIENTE,2022-03-01,1622759.9,510642.20999999996,482878.07999999996
"SEC MUN TURISMO, DES ECONOMICO RECURSOS MINERAIS",2022-03-01,43744.63,10674.72,10322.02
SECRETARIA MUNICIPAL DE ADMINISTRACAO,2022-03-01,1810978.3900000001,583236.02,572088.41
SECRETARIA MUNICIPAL DE COMUNICACAO,2022-03-01,73180.15000000001,15555.54,14915.82
SECRETARIA MUNICIPAL DE EDUCACAO E CULTURA,2022-03-01,8666573.06,2536809.5,2321104.89
SECRETARIA MUNICIPAL DE OBRAS E SERVICOS URBANOS,2022-03-01,2482881.3,1008475.3200000001,925243.04
SECRETARIA MUNICIPAL DE PLANEJAMENTO E FINANCAS,2022-03-01,967361.16,420601.95,417764.16000000003
SECRETARIA MUNICIPAL DO GABINETE DO PREFEITO,2022-03-01,729909.71,227174.0,207528.76
CAMARA MUNICIPAL DE LAJES,2022-04-01,1443579.16,477275.47,475687.97
CONTROLADORIA GERAL DO MUNICIPIO,2022-04-01,120840.81,51382.530000000006,49632.57000000001
FUNDO DE PREVIDENCIA SOCIAL DO MUNICIPIO DE LAJES,2022-04-01,3351077.29,1454715.83,1453979.07
FUNDO MUNICIPAL DE ASSISTENCIA SOCIAL,2022-04-01,1407364.73,621898.47,601835.03
FUNDO MUNICIPAL DE HABITACAO DE INTERESSE SOCIAL,2022-04-01,79280.65,79280.65,79280.65
FUNDO MUNICIPAL DE SAUDE,2022-04-01,7211829.12,4876163.87,4794440.43
PROCURADORIA GERAL DO MUNICIPIO,2022-04-01,100000.0,39145.8,37118.67
SEC MUN DA JUVENTUDE ESPORTE E LAZER,2022-04-01,542880.1,169969.29,168199.45
SEC MUN DE AGRICULTURA E MEIO AMBIENTE,2022-04-01,1752711.5,971532.86,963129.95
SEC MUN DO TRABALHO HABITACAO E ASSISTENCIASOCIAL,2022-04-01,113100.0,113100.0,0.0
"SEC MUN TURISMO, DES ECONOMICO RECURSOS MINERAIS",2022-04-01,144563.43,15110.64,14837.94
SECRETARIA MUNICIPAL DE ADMINISTRACAO,2022-04-01,1947859.75,814502.17,808558.89
SECRETARIA MUNICIPAL DE COMUNICACAO,2022-04-01,73180.15000000001,21516.46,20876.739999999998
SECRETARIA MUNICIPAL DE EDUCACAO E CULTURA,2022-04-01,9604322.91,3666315.39,3440671.7600000002
SECRETARIA MUNICIPAL DE OBRAS E SERVICOS URBANOS,2022-04-01,2769444.64,1389114.61,1361241.69
SECRETARIA MUNICIPAL DE PLANEJAMENTO E FINANCAS,2022-04-01,967937.51,558243.56,554724.3200000001
SECRETARIA MUNICIPAL DO GABINETE DO PREFEITO,2022-04-01,744876.6900000001,331990.20999999996,306051.52999999997
CAMARA MUNICIPAL DE LAJES,2022-05-01,1470939.16,597764.5800000001,597764.5800000001
CONTROLADORIA GERAL DO MUNICIPIO,2022-05-01,120840.81,60959.53,59261.5
FUNDO DE PREVIDENCIA SOCIAL DO MUNICIPIO DE LAJES,2022-05-01,3368177.29,1820558.5,1819821.7399999998
FUNDO MUNICIPAL DE ASSISTENCIA SOCIAL,2022-05-01,1490997.91,811401.2899999999,786051.08
FUNDO MUNICIPAL DE HABITACAO DE INTERESSE SOCIAL,2022-05-01,79280.65,79280.65,79280.65
FUNDO MUNICIPAL DE SAUDE,2022-05-01,9235070.44,6258145.720000001,6155830.6899999995
PROCURADORIA GERAL DO MUNICIPIO,2022-05-01,100000.0,48676.44,46631.26
SEC MUN DA JUVENTUDE ESPORTE E LAZER,2022-05-01,575691.75,352295.47,344770.49
SEC MUN DE AGRICULTURA E MEIO AMBIENTE,2022-05-01,1870109.5,1219408.53,1212360.88
SEC MUN DO TRABALHO HABITACAO E ASSISTENCIASOCIAL,2022-05-01,113100.0,113100.0,113100.0
"SEC MUN TURISMO, DES ECONOMICO RECURSOS MINERAIS",2022-05-01,145190.43,119708.36,119435.66
SECRETARIA MUNICIPAL DE ADMINISTRACAO,2022-05-01,2236536.62,1182163.33,1169478.43
SECRETARIA MUNICIPAL DE COMUNICACAO,2022-05-01,73180.15000000001,27477.38,26837.66
SECRETARIA MUNICIPAL DE EDUCACAO E CULTURA,2022-05-01,9980076.48,5448969.96,5177325.31
SECRETARIA MUNICIPAL DE OBRAS E SERVICOS URBANOS,2022-05-01,3649086.83,1909597.32,1844283.4300000002
SECRETARIA MUNICIPAL DE PLANEJAMENTO E FINANCAS,2022-05-01,1459301.1199999999,697742.09,694300.91
SECRETARIA MUNICIPAL DO GABINETE DO PREFEITO,2022-05-01,757182.21,432498.86000000004,404883.65
CAMARA MUNICIPAL DE LAJES,2022-06-01,1476489.16,718062.77,718062.77
CONTROLADORIA GERAL DO MUNICIPIO,2022-06-01,120840.81,72903.94,71239.64
FUNDO DE PREVIDENCIA SOCIAL DO MUNICIPIO DE LAJES,2022-06-01,3374177.29,2371183.73,2370446.97
FUNDO MUNICIPAL DE ASSISTENCIA SOCIAL,2022-06-01,1577333.27,1040962.41,1013493.17
FUNDO MUNICIPAL DE HABITACAO DE INTERESSE SOCIAL,2022-06-01,79280.65,79280.65,79280.65
FUNDO MUNICIPAL DE SAUDE,2022-06-01,10264604.92,8297462.03,8161501.54
PROCURADORIA GERAL DO MUNICIPIO,2022-06-01,100000.0,62012.08,60211.939999999995
SEC MUN DA JUVENTUDE ESPORTE E LAZER,2022-06-01,581505.01,427804.47,423953.31
SEC MUN DE AGRICULTURA E MEIO AMBIENTE,2022-06-01,2133927.08,1435849.29,1424904.99
SEC MUN DO TRABALHO HABITACAO E ASSISTENCIASOCIAL,2022-06-01,113100.0,113100.0,113100.0
"SEC MUN TURISMO, DES ECONOMICO RECURSOS MINERAIS",2022-06-01,172574.83,126487.14000000001,126267.47
SECRETARIA MUNICIPAL DE ADMINISTRACAO,2022-06-01,2445399.75,1644821.68,1592178.58
SECRETARIA MUNICIPAL DE COMUNICACAO,2022-06-01,121250.15000000001,35777.130000000005,34887.17
SECRETARIA MUNICIPAL DE EDUCACAO E CULTURA,2022-06-01,11183337.209999999,7239315.149999999,6942126.0
SECRETARIA MUNICIPAL DE OBRAS E SERVICOS URBANOS,2022-06-01,4221414.71,2414354.73,2401956.6
SECRETARIA MUNICIPAL DE PLANEJAMENTO E FINANCAS,2022-06-01,1505433.01,851364.6,850134.3200000001
SECRETARIA MUNICIPAL DO GABINETE DO PREFEITO,2022-06-01,780640.5,529804.18,505664.83999999997
CAMARA MUNICIPAL DE LAJES,2022-07-01,1528389.16,850621.22,850621.22
CONTROLADORIA GERAL DO MUNICIPIO,2022-07-01,120840.81,89997.59999999999,85443.26
FUNDO DE PREVIDENCIA SOCIAL DO MUNICIPIO DE LAJES,2022-07-01,3383597.16,2739341.88,2738605.12
FUNDO MUNICIPAL DE ASSISTENCIA SOCIAL,2022-07-01,1916574.25,1251839.24,1240439.91
FUNDO MUNICIPAL DE HABITACAO DE INTERESSE SOCIAL,2022-07-01,123297.56,123297.56,123297.56
FUNDO MUNICIPAL DE SAUDE,2022-07-01,11866559.36,9727605.57,9595021.62
PROCURADORIA GERAL DO MUNICIPIO,2022-07-01,100000.0,71642.72,70118.5
SEC MUN DA JUVENTUDE ESPORTE E LAZER,2022-07-01,608883.89,491067.7,484369.62
SEC MUN DE AGRICULTURA E MEIO AMBIENTE,2022-07-01,2304301.07,1797751.71,1750736.76
SEC MUN DO TRABALHO HABITACAO E ASSISTENCIASOCIAL,2022-07-01,113100.0,113100.0,113100.0
"SEC MUN TURISMO, DES ECONOMICO RECURSOS MINERAIS",2022-07-01,370141.33,343955.42,311798.67
SECRETARIA MUNICIPAL DE ADMINISTRACAO,2022-07-01,2903695.73,2077856.41,2061968.24
SECRETARIA MUNICIPAL DE COMUNICACAO,2022-07-01,121250.15000000001,49626.600000000006,48332.66
SECRETARIA MUNICIPAL DE EDUCACAO E CULTURA,2022-07-01,11729633.459999999,8614872.09,8291352.86
SECRETARIA MUNICIPAL DE OBRAS E SERVICOS URBANOS,2022-07-01,4513626.16,3024831.56,2977891.29
SECRETARIA MUNICIPAL DE PLANEJAMENTO E FINANCAS,2022-07-01,1738153.01,1034564.91,1036744.77
SECRETARIA MUNICIPAL DO GABINETE DO PREFEITO,2022-07-01,788790.5,610232.73,591368.03
CAMARA MUNICIPAL DE LAJES,2022-08-01,1529949.16,974360.56,974360.56
CONTROLADORIA GERAL DO MUNICIPIO,2022-08-01,127365.17,100025.59999999999,95534.15999999999
FUNDO DE PREVIDENCIA SOCIAL DO MUNICIPIO DE LAJES,2022-08-01,3428847.16,3108638.56,3107295.8
FUNDO MUNICIPAL DE ASSISTENCIA SOCIAL,2022-08-01,2157702.94,1565457.57,1615153.29
FUNDO MUNICIPAL DE HABITACAO DE INTERESSE SOCIAL,2022-08-01,255348.29,167314.47,167314.47
FUNDO MUNICIPAL DE SAUDE,2022-08-01,14534366.540000001,12414975.69,12162196.14
PROCURADORIA GERAL DO MUNICIPIO,2022-08-01,101502.7,81123.36,79421.44
SEC MUN DA JUVENTUDE ESPORTE E LAZER,2022-08-01,714047.48,558090.02,555559.92
SEC MUN DE AGRICULTURA E MEIO AMBIENTE,2022-08-01,2767401.51,2129198.0,2113839.35
SEC MUN DO TRABALHO HABITACAO E ASSISTENCIASOCIAL,2022-08-01,113100.0,113100.0,113100.0
"SEC MUN TURISMO, DES ECONOMICO RECURSOS MINERAIS",2022-08-01,370141.33,357223.7,357041.9
SECRETARIA MUNICIPAL DE ADMINISTRACAO,2022-08-01,3342047.14,2440606.48,2430868.63
SECRETARIA MUNICIPAL DE COMUNICACAO,2022-08-01,121250.15000000001,64736.82,63389.93
SECRETARIA MUNICIPAL DE EDUCACAO E CULTURA,2022-08-01,12291179.7,10100896.79,9743371.93
SECRETARIA MUNICIPAL DE OBRAS E SERVICOS URBANOS,2022-08-01,4831156.44,3479319.03,3493150.14
SECRETARIA MUNICIPAL DE PLANEJAMENTO E FINANCAS,2022-08-01,1761739.46,1269673.77,1231876.4
SECRETARIA MUNICIPAL DO GABINETE DO PREFEITO,2022-08-01,810836.2,702873.99,679426.18
CAMARA MUNICIPAL DE LAJES,2022-09-01,1551099.16,1094357.52,1094357.52
CONTROLADORIA GERAL DO MUNICIPIO,2022-09-01,127365.17,109810.93,105801.95
FUNDO DE PREVIDENCIA SOCIAL DO MUNICIPIO DE LAJES,2022-09-01,3778617.2,3476999.0500000003,3475656.2899999996
FUNDO MUNICIPAL DE ASSISTENCIA SOCIAL,2022-09-01,2423941.02,1844425.67,1894473.41
FUNDO MUNICIPAL DE HABITACAO DE INTERESSE SOCIAL,2022-09-01,255348.29,255348.29,255348.29
FUNDO MUNICIPAL DE SAUDE,2022-09-01,19211100.56,13822923.870000001,13880209.88
PROCURADORIA GERAL DO MUNICIPIO,2022-09-01,106502.38,91070.66,89596.44
SEC MUN DA JUVENTUDE ESPORTE E LAZER,2022-09-01,777265.54,652157.68,651438.64
SEC MUN DE AGRICULTURA E MEIO AMBIENTE,2022-09-01,3306361.43,2735831.07,2661103.28
SEC MUN DO TRABALHO HABITACAO E ASSISTENCIASOCIAL,2022-09-01,113100.0,113100.0,113100.0
"SEC MUN TURISMO, DES ECONOMICO RECURSOS MINERAIS",2022-09-01,370141.33,360180.98,359859.18
SECRETARIA MUNICIPAL DE ADMINISTRACAO,2022-09-01,3563849.84,2906037.7,2902281.85
SECRETARIA MUNICIPAL DE COMUNICACAO,2022-09-01,121250.15000000001,79116.29,77506.85
SECRETARIA MUNICIPAL DE EDUCACAO E CULTURA,2022-09-01,13065118.83,11608234.64,11200395.44
SECRETARIA MUNICIPAL DE OBRAS E SERVICOS URBANOS,2022-09-01,5648395.78,3972479.48,3992788.52
SECRETARIA MUNICIPAL DE PLANEJAMENTO E FINANCAS,2022-09-01,1905792.53,1423260.0,1432648.95
SECRETARIA MUNICIPAL DO GABINETE DO PREFEITO,2022-09-01,860354.39,788320.59,770000.6
CAMARA MUNICIPAL DE LAJES,2022-10-01,2188215.23,1251422.3800000001,1228610.05
CONTROLADORIA GERAL DO MUNICIPIO,2022-10-01,127365.17,119309.43000000001,114984.59
FUNDO DE PREVIDENCIA SOCIAL DO MUNICIPIO DE LAJES,2022-10-01,4128621.4200000004,3845403.85,3844061.09
FUNDO MUNICIPAL DE ASSISTENCIA SOCIAL,2022-10-01,2622574.28,2081182.7,2143749.07
FUNDO MUNICIPAL DE HABITACAO DE INTERESSE SOCIAL,2022-10-01,255348.29,255348.29,255348.29
FUNDO MUNICIPAL DE SAUDE,2022-10-01,20049242.3,15390047.98,15518994.33
PROCURADORIA GERAL DO MUNICIPIO,2022-10-01,106502.38,100523.18000000001,99048.96
SEC MUN DA JUVENTUDE ESPORTE E LAZER,2022-10-01,822316.63,720843.5599999999,720738.04
SEC MUN DE AGRICULTURA E MEIO AMBIENTE,2022-10-01,3485047.05,3026455.25,3031778.23
SEC MUN DO TRABALHO HABITACAO E ASSISTENCIASOCIAL,2022-10-01,113100.0,113100.0,113100.0
"SEC MUN TURISMO, DES ECONOMICO RECURSOS MINERAIS",2022-10-01,370141.33,363295.82,362792.22000000003
SECRETARIA MUNICIPAL DE ADMINISTRACAO,2022-10-01,3920504.24,3149304.31,3136500.85
SECRETARIA MUNICIPAL DE COMUNICACAO,2022-10-01,121250.15000000001,93495.76,91628.44
SECRETARIA MUNICIPAL DE EDUCACAO E CULTURA,2022-10-01,14461702.76,12880785.08,12592731.5
SECRETARIA MUNICIPAL DE OBRAS E SERVICOS URBANOS,2022-10-01,5975320.1,4506807.12,4533472.73
SECRETARIA MUNICIPAL DE PLANEJAMENTO E FINANCAS,2022-10-01,1984775.8699999999,1640564.86,1662621.59
SECRETARIA MUNICIPAL DO GABINETE DO PREFEITO,2022-10-01,1061041.85,867277.52,851788.73
CAMARA MUNICIPAL DE LAJES,2022-11-01,2190468.23,1482668.34,1480480.1600000001
CONTROLADORIA GERAL DO MUNICIPIO,2022-11-01,140499.83,131418.71,126674.87000000001
FUNDO DE PREVIDENCIA SOCIAL DO MUNICIPIO DE LAJES,2022-11-01,4480054.46,4213007.850000001,4211665.09
FUNDO MUNICIPAL DE ASSISTENCIA SOCIAL,2022-11-01,2906062.59,2349712.7,2407858.53
FUNDO MUNICIPAL DE HABITACAO DE INTERESSE SOCIAL,2022-11-01,431415.93000000005,343382.11,343382.11
FUNDO MUNICIPAL DE SAUDE,2022-11-01,21400623.11,17094768.48,17299210.96
PROCURADORIA GERAL DO MUNICIPIO,2022-11-01,121693.7,109975.7,108501.48
SEC MUN DA JUVENTUDE ESPORTE E LAZER,2022-11-01,991401.32,869785.9299999999,865507.21
SEC MUN DE AGRICULTURA E MEIO AMBIENTE,2022-11-01,4927872.68,3514594.91,3715430.86
SEC MUN DO TRABALHO HABITACAO E ASSISTENCIASOCIAL,2022-11-01,113100.0,113100.0,113100.0
"SEC MUN TURISMO, DES ECONOMICO RECURSOS MINERAIS",2022-11-01,370141.33,366228.86,365725.26
SECRETARIA MUNICIPAL DE ADMINISTRACAO,2022-11-01,4199498.42,3603331.65,3483913.04
SECRETARIA MUNICIPAL DE COMUNICACAO,2022-11-01,121250.15000000001,108150.68,106050.83
SECRETARIA MUNICIPAL DE EDUCACAO E CULTURA,2022-11-01,17563063.71,14885563.459999999,14606616.22
SECRETARIA MUNICIPAL DE OBRAS E SERVICOS URBANOS,2022-11-01,6283992.47,5039000.01,5073270.5200000005
SECRETARIA MUNICIPAL DE PLANEJAMENTO E FINANCAS,2022-11-01,2130112.79,1865843.3900000001,1873887.37
SECRETARIA MUNICIPAL DO GABINETE DO PREFEITO,2022-11-01,1070316.46,960134.34,942895.5299999999
CAMARA MUNICIPAL DE LAJES,2022-12-01,2352951.1,1728671.54,1728671.54
CONTROLADORIA GERAL DO MUNICIPIO,2022-12-01,140499.83,140499.83,134921.33000000002
FUNDO DE PREVIDENCIA SOCIAL DO MUNICIPIO DE LAJES,2022-12-01,4990962.56,4763938.96,4763210.56
FUNDO MUNICIPAL DE ASSISTENCIA SOCIAL,2022-12-01,3193230.39,2906498.35,2988968.61
FUNDO MUNICIPAL DE HABITACAO DE INTERESSE SOCIAL,2022-12-01,431415.93000000005,431415.93000000005,431415.93000000005
FUNDO MUNICIPAL DE SAUDE,2022-12-01,22978706.62,19509671.72,19937093.54
PROCURADORIA GERAL DO MUNICIPIO,2022-12-01,121693.7,121693.7,118351.54000000001
SEC MUN DA JUVENTUDE ESPORTE E LAZER,2022-12-01,1061408.28,1008102.89,1002785.38
SEC MUN DE AGRICULTURA E MEIO AMBIENTE,2022-12-01,5198531.58,4080042.38,4261087.14
SEC MUN DO TRABALHO HABITACAO E ASSISTENCIASOCIAL,2022-12-01,113100.0,113100.0,113100.0
"SEC MUN TURISMO, DES ECONOMICO RECURSOS MINERAIS",2022-12-01,370141.33,370141.33,369300.56
SECRETARIA MUNICIPAL DE ADMINISTRACAO,2022-12-01,4725605.71,4236840.18,4354096.92
SECRETARIA MUNICIPAL DE COMUNICACAO,2022-12-01,123619.62000000001,123619.62000000001,121054.23000000001
SECRETARIA MUNICIPAL DE EDUCACAO E CULTURA,2022-12-01,24051616.48,18096944.6,17880529.53
SECRETARIA MUNICIPAL DE OBRAS E SERVICOS URBANOS,2022-12-01,7400352.39,6003581.51,6108359.15
SECRETARIA MUNICIPAL DE PLANEJAMENTO E FINANCAS,2022-12-01,2224246.4,2082197.44,2109423.0300000003
SECRETARIA MUNICIPAL DO GABINETE DO PREFEITO,2022-12-01,1079119.16,1065609.16,1035399.32
CONTROLADORIA GERAL DO MUNICIPIO,2023-01-01,148500.0,18644.03,16358.119999999999
FUNDO MUNICIPAL DE ASSISTENCIA SOCIAL,2023-01-01,1405440.67,110724.95,95088.56999999999
FUNDO MUNICIPAL DE SAUDE,2023-01-01,6389048.33,683701.42,516296.04
GABINETE DO PREFEITO,2023-01-01,1026344.34,132592.44,109586.91
PROCURADORIA GERAL DO MUNICIPIO,2023-01-01,121500.0,24346.65,21128.16
SEC MUN  DE DESENVOLVIMENTO RURAL E AGRI FAMILIAR,2023-01-01,1635442.16,155157.44,147919.85
SEC MUN DA JUVENTUDE ESPORTE E LAZER,2023-01-01,564814.7,31092.28,27644.04
"SEC MUN DE ADM, COMUNICACAO E SEGURANCA PUBLICA",2023-01-01,2234620.58,152945.28,141058.41999999998
"SEC MUNICIPAL DE ECONOMIA, PLANEJAMENTO E FINANCAS",2023-01-01,2087835.04,190200.68,184265.95
SEC MUNICIPAL DE INFRAESTRUTURA E SERVICOS URBANOS,2023-01-01,3850213.15,238533.58000000002,209040.26
"SEC MUNICIPAL DE TURISMO, CULTURA E MEIO AMBIENTE",2023-01-01,218680.0,23458.66,20660.67
SECRETARIA MUNICIPAL DE COMUNICACAO,2023-01-01,7226.45,7226.45,6887.18
SECRETARIA MUNICIPAL DE EDUCACAO,2023-01-01,8729439.879999999,841432.65,617028.06
CONTROLADORIA GERAL DO MUNICIPIO,2023-02-01,148500.0,30844.03,26342.21
FUNDO MUNICIPAL DE ASSISTENCIA SOCIAL,2023-02-01,1497476.38,321818.02,292963.32
FUNDO MUNICIPAL DE HABITACAO DE INTERESSE SOCIAL,2023-02-01,88130.44,0.0,0.0
FUNDO MUNICIPAL DE SAUDE,2023-02-01,8426807.34,2358118.05,2236816.11
GABINETE DO PREFEITO,2023-02-01,1031570.42,250799.16,212243.99
PROCURADORIA GERAL DO MUNICIPIO,2023-02-01,121735.0,38781.65,32881.130000000005
SEC MUN  DE DESENVOLVIMENTO RURAL E AGRI FAMILIAR,2023-02-01,1912900.81,579156.05,560490.64
SEC MUN DA JUVENTUDE ESPORTE E LAZER,2023-02-01,616871.88,111034.95,102376.67
"SEC MUN DE ADM, COMUNICACAO E SEGURANCA PUBLICA",2023-02-01,2483834.77,445234.27999999997,418984.92
"SEC MUNICIPAL DE ECONOMIA, PLANEJAMENTO E FINANCAS",2023-02-01,2100114.59,414372.33999999997,406749.04000000004
SEC MUNICIPAL DE INFRAESTRUTURA E SERVICOS URBANOS,2023-02-01,4022187.9299999997,896894.89,854426.66
"SEC MUNICIPAL DE TURISMO, CULTURA E MEIO AMBIENTE",2023-02-01,852765.5,48571.990000000005,43463.9
SECRETARIA MUNICIPAL DE COMUNICACAO,2023-02-01,7226.45,7226.45,7213.43
SECRETARIA MUNICIPAL DE EDUCACAO,2023-02-01,10106301.9,3059076.37,1922097.49
CONTROLADORIA GERAL DO MUNICIPIO,2023-03-01,159522.22,46944.03,38945.13
FUNDO MUNICIPAL DE ASSISTENCIA SOCIAL,2023-03-01,1843842.88,589187.43,548270.85
FUNDO MUNICIPAL DE HABITACAO DE INTERESSE SOCIAL,2023-03-01,88130.44,88130.44,88130.44
FUNDO MUNICIPAL DE SAUDE,2023-03-01,11684747.32,4481433.35,4055087.58
GABINETE DO PREFEITO,2023-03-01,1240752.5899999999,395367.29999999993,340094.66
PROCURADORIA GERAL DO MUNICIPIO,2023-03-01,161185.0,52981.65,44399.1
SEC MUN  DE DESENVOLVIMENTO RURAL E AGRI FAMILIAR,2023-03-01,2690794.77,1189612.97,1152754.93
SEC MUN DA JUVENTUDE ESPORTE E LAZER,2023-03-01,750990.21,170537.88,159565.31
"SEC MUN DE ADM, COMUNICACAO E SEGURANCA PUBLICA",2023-03-01,2853399.47,939498.33,888312.99
"SEC MUN DE DESENV SOCIAL, TRABALHO E HABITACAO",2023-03-01,152800.0,0.0,0.0
"SEC MUNICIPAL DE ECONOMIA, PLANEJAMENTO E FINANCAS",2023-03-01,2440313.93,635823.4299999999,624919.62
SEC MUNICIPAL DE INFRAESTRUTURA E SERVICOS URBANOS,2023-03-01,4428212.9399999995,1764397.47,1627813.79
"SEC MUNICIPAL DE TURISMO, CULTURA E MEIO AMBIENTE",2023-03-01,971936.29,734698.36,725739.44
SECRETARIA MUNICIPAL DE COMUNICACAO,2023-03-01,7226.45,7226.45,7213.43
SECRETARIA MUNICIPAL DE EDUCACAO,2023-03-01,11276440.07,5071194.61,4605372.79
CONTROLADORIA GERAL DO MUNICIPIO,2023-04-01,277422.22,63044.03,52658.299999999996
FUNDO MUNICIPAL DE ASSISTENCIA SOCIAL,2023-04-01,1938010.88,854981.99,822731.02
FUNDO MUNICIPAL DE HABITACAO DE INTERESSE SOCIAL,2023-04-01,88130.44,88130.44,88130.44
FUNDO MUNICIPAL DE SAUDE,2023-04-01,12964914.78,6260232.19,5807883.77
GABINETE DO PREFEITO,2023-04-01,1377868.59,609418.99,537973.62
PROCURADORIA GERAL DO MUNICIPIO,2023-04-01,161185.0,76127.65,64863.07
SEC MUN  DE DESENVOLVIMENTO RURAL E AGRI FAMILIAR,2023-04-01,3375559.15,1763704.0999999999,1700198.59
SEC MUN DA JUVENTUDE ESPORTE E LAZER,2023-04-01,800997.61,318823.31,307346.5
"SEC MUN DE ADM, COMUNICACAO E SEGURANCA PUBLICA",2023-04-01,3394619.26,1712224.56,1577264.21
"SEC MUN DE DESENV SOCIAL, TRABALHO E HABITACAO",2023-04-01,152800.0,152800.0,152800.0
"SEC MUNICIPAL DE ECONOMIA, PLANEJAMENTO E FINANCAS",2023-04-01,2583959.83,907966.0800000001,895346.0700000001
SEC MUNICIPAL DE INFRAESTRUTURA E SERVICOS URBANOS,2023-04-01,5777289.64,2374222.2199999997,2150930.39
"SEC MUNICIPAL DE TURISMO, CULTURA E MEIO AMBIENTE",2023-04-01,1430243.69,850835.97,833671.15
SECRETARIA MUNICIPAL DE COMUNICACAO,2023-04-01,7226.45,7226.45,7213.43
SECRETARIA MUNICIPAL DE EDUCACAO,2023-04-01,14411298.83,7287679.39,6401151.3
CONTROLADORIA GERAL DO MUNICIPIO,2023-05-01,278172.22,120150.03,109982.95999999999
FUNDO MUNICIPAL DE ASSISTENCIA SOCIAL,2023-05-01,2013803.7999999998,1194100.58,1152577.54
FUNDO MUNICIPAL DE HABITACAO DE INTERESSE SOCIAL,2023-05-01,88227.06000000001,88227.06000000001,88227.06000000001
FUNDO MUNICIPAL DE SAUDE,2023-05-01,14130990.69,8397692.38,7975942.67
GABINETE DO PREFEITO,2023-05-01,1444868.59,857653.44,785470.78
PROCURADORIA GERAL DO MUNICIPIO,2023-05-01,161185.0,100409.65,89145.87999999999
SEC MUN  DE DESENVOLVIMENTO RURAL E AGRI FAMILIAR,2023-05-01,3880392.86,2686638.38,2450131.67
SEC MUN DA JUVENTUDE ESPORTE E LAZER,2023-05-01,830783.73,429050.55000000005,415304.11
"SEC MUN DE ADM, COMUNICACAO E SEGURANCA PUBLICA",2023-05-01,3470635.42,2193085.37,2052006.58
"SEC MUN DE DESENV SOCIAL, TRABALHO E HABITACAO",2023-05-01,152800.0,152800.0,152800.0
"SEC MUNICIPAL DE ECONOMIA, PLANEJAMENTO E FINANCAS",2023-05-01,2607666.69,1302575.69,1289257.39
SEC MUNICIPAL DE INFRAESTRUTURA E SERVICOS URBANOS,2023-05-01,6863257.67,3309784.77,3123707.65
"SEC MUNICIPAL DE TURISMO, CULTURA E MEIO AMBIENTE",2023-05-01,1579871.09,1355320.36,1337703.59
SECRETARIA MUNICIPAL DE COMUNICACAO,2023-05-01,7226.45,7226.45,7213.43
SECRETARIA MUNICIPAL DE EDUCACAO,2023-05-01,14771959.99,9542510.19,8736588.84
SECRETARIA MUN DE TRANSPORTES E MOBILIDADE URBANA,2023-05-01,49000.0,4368.0,4368.0
CONTROLADORIA GERAL DO MUNICIPIO,2023-06-01,278172.22,162106.03,150717.22
FUNDO MUNICIPAL DE ASSISTENCIA SOCIAL,2023-06-01,2398467.07,1445260.74,1388634.31
FUNDO MUNICIPAL DE HABITACAO DE INTERESSE SOCIAL,2023-06-01,769240.02,224429.66,224429.66
FUNDO MUNICIPAL DE SAUDE,2023-06-01,16671867.27,9995911.69,9642873.7
GABINETE DO PREFEITO,2023-06-01,1524412.79,1057286.99,975802.5599999999
PROCURADORIA GERAL DO MUNICIPIO,2023-06-01,161185.0,117591.65,104360.68999999999
SEC MUN  DE DESENVOLVIMENTO RURAL E AGRI FAMILIAR,2023-06-01,4393945.5,3053878.04,3019977.04
SEC MUN DA JUVENTUDE ESPORTE E LAZER,2023-06-01,900066.94,506629.47000000003,494740.8
"SEC MUN DE ADM, COMUNICACAO E SEGURANCA PUBLICA",2023-06-01,3870646.9699999997,2535639.95,2387345.62
"SEC MUN DE DESENV SOCIAL, TRABALHO E HABITACAO",2023-06-01,152800.0,152800.0,152800.0
"SEC MUNICIPAL DE ECONOMIA, PLANEJAMENTO E FINANCAS",2023-06-01,2696792.06,1637456.81,1618951.22
SEC MUNICIPAL DE INFRAESTRUTURA E SERVICOS URBANOS,2023-06-01,7622483.47,4248922.12,4070757.12
"SEC MUNICIPAL DE TURISMO, CULTURA E MEIO AMBIENTE",2023-06-01,1666829.09,1439097.08,1417902.81
SECRETARIA MUNICIPAL DE COMUNICACAO,2023-06-01,7226.45,7226.45,7213.43
SECRETARIA MUNICIPAL DE EDUCACAO,2023-06-01,15820813.04,11127220.11,9961175.0
SECRETARIA MUN DE TRANSPORTES E MOBILIDADE URBANA,2023-06-01,49000.0,8736.0,8736.0
CONTROLADORIA GERAL DO MUNICIPIO,2023-07-01,1669033.32,1127772.18,904303.3200000001
FUNDO MUNICIPAL DE ASSISTENCIA SOCIAL,2023-07-01,14512602.42,9637399.62,8331805.859999999
FUNDO MUNICIPAL DE HABITACAO DE INTERESSE SOCIAL,2023-07-01,4615440.12,1346577.96,1346577.96
FUNDO MUNICIPAL DE SAUDE,2023-07-01,100927049.16,69195556.74,58310707.8
GABINETE DO PREFEITO,2023-07-01,9146476.74,6755169.66,5854815.359999999
PROCURADORIA GERAL DO MUNICIPIO,2023-07-01,967110.0,723441.9,626164.1399999999
SEC MUN  DE DESENVOLVIMENTO RURAL E AGRI FAMILIAR,2023-07-01,26375249.1,20208655.2,18119862.24
SEC MUN DA JUVENTUDE ESPORTE E LAZER,2023-07-01,5523376.74,3252219.66,2968444.8000000003
"SEC MUN DE ADM, COMUNICACAO E SEGURANCA PUBLICA",2023-07-01,23367881.82,16442688.6,14324073.72
"SEC MUN DE DESENV SOCIAL, TRABALHO E HABITACAO",2023-07-01,916800.0,916800.0,916800.0
"SEC MUNICIPAL DE ECONOMIA, PLANEJAMENTO E FINANCAS",2023-07-01,16678016.22,10459373.94,9713707.32
SEC MUNICIPAL DE INFRAESTRUTURA E SERVICOS URBANOS,2023-07-01,46023489.78,29700297.6,24424542.72
"SEC MUNICIPAL DE TURISMO, CULTURA E MEIO AMBIENTE",2023-07-01,10394371.56,8999070.48,8507416.86
SECRETARIA MUNICIPAL DE COMUNICACAO,2023-07-01,43358.7,43358.7,43280.58
SECRETARIA MUNICIPAL DE EDUCACAO,2023-07-01,95989174.56,70497102.9,59767050.0
SECRETARIA MUN DE TRANSPORTES E MOBILIDADE URBANA,2023-07-01,319065.0,78624.0,52416.0
